title	price
KabelDirekt Cable Aux 1 m, cable jack Audio estéreo, conector jack de 3.5 mm, adecuado para auriculares, smartphones, portátiles, MP3 Player o ent	7,41
KADAX Tapa de Cristal para Sartén, Cacerola, Ollas, Tapa Universal, Tapadera de Cristal con Mango de plástico, Resistente al Calor, Tapa Redonda en	13,95
KabelDirekt PRO Series - Adaptador Coaxial Audio Estéreo 1 Conector 3.5 mm Jack Macho a 2 Conectores RCA Hembra, para la conexión de cables RCA de 3	10,56
Chung Jung One Sunchang Pasta de pimiento picante (Gochujang) 500 g	10,90
Kadoya - Aceite de sésamo puro 5.5 Oz. 163ml	9,90
BONADE Grifo de Bañera con Alcachofa de Mano (cinco modos), Mezclador Monomando Cromado Baño y Ducha, Incluye Soporte de Pared y Manguera de Ducha d	39,99
Flying Goose - Salsa de Mayonesa Sriracha 455ml	11,94
Punjabi Garam Masala (ganador del premio Great Taste 2017) Gran paquete resellable 100g	6,91
DUTRIX Grifo de Cocina Negro Mate, 360° Giratorio Monomando Grifo de Fregadero Cocina Negro con Caño Alto, Aireador de ABS	49,99
RAMPOW Cable USB C a USB C [20V/3A 60W] 3M Cable Tipo C a Tipo C con Power Delivery Compatible para Macbook Pro 2016/2017, ChromeBook Pixel/Pixel 2, S	11,99
Pyramis 100120402 Fregadero de un seno	44,24
KADAX Tapa de Cristal para Sartén, Cacerola, Ollas, Tapa Universal, Tapadera de Cristal con Mango de plástico, Resistente al Calor, Tapa Redonda en	15,95
OXO Good Grips Soporte para Utensilios para el Fregadero, Acero Inoxidable	24,99
Monix Granite - Sartén 24 cm, aluminio forjado con antiadherente tipo piedra sin PFOA, aptas inducción	21,99
Uarter Utensilios de Cocina, 24 Piezas Resistente al Calor y Antiadherente Utensilios Cocina de Silicona y Acero Inoxidable, Espátula, Cuchara, Batid	25,49
Toallas de cocina Trade Fountain - Paquete de 5 Toallas de cocina de algodón - 46 X 71 CM Toallas de cocina Holiday - Toallas de cocina suaves - Tela	16,99
Navaris 2X Bandeja para desechos de Cocina - Set de Dos contenedores Colgantes para Recoger la Basura - Recipiente en Gris y Blanco	9,99
KADAX Tapa de Cristal para Sartén, Cacerola, Ollas, Tapa Universal, Tapadera de Cristal con Mango de plástico, Resistente al Calor, Tapa Redonda en	11,95
Luminarc Vajilla Redonda 19 Piezas Modelo Diwali Combinadas, Vidrio Opal, Blanco	37,14
Monix Siena - Set de cubiertos de 24 piezas con cuchillo chuletero, acero inoxidable 18/10, diseño contemporaneo,acabado pulido brillante, espesor 3	33,30
Monix Granite - Cazo 16 cm, aluminio forjado con antiadherente tipo piedra sin PFOA, aptas inducción	18,99
Monix Granite - Sartén 28 cm, aluminio forjado con antiadherente tipo piedra sin PFOA, aptas inducción	26,99
Zapatillas Hombre Mujer Invierno CáLido Zapatos Memory Foam Casa Antideslizante Pantuflas (Gris Oscuro, 42/43 EU)	19,98
"BONTEC Soporte Monitor 2 Monitores 15""-30"" Pulgadas LED/LCD Soporte para Monitor Soporte PC Soporte para Mesa Giro de 360 ° y Rotación de 180° Altu"	39,99
Tabla de cortar de acero inoxidable YAOMAISI 36 * 25CM 304, producto antibacteriano, respetuoso con el medio ambiente, fácil de limpiar, tabla de pan	21,99
HOMMINI Temporizador de Cocina, Count up/Down Gran Pantalla LED Electrónica Temporizador de Memoria	13,59
Arcos 610600 - Afilador con mango	11,99
HOMEVER Cuchillos de Cocina, 6 Piezas Set Profesional Bloque, Cuchillos de Acero Inoxidable 1.4116 Alemán, Mango sólido ABS, Bloque de Estable Y INX	49,99
Catan Plus (Devir BGCATANPLUS2)	59,12
JIM'S STORE Fiambrera Acero Inoxidable para Comida 1200ML,Caja de Almuerzo con Recipiente Hermético Divisor y Cierres,Adeucado para los Adultos y Ni	21,99
CIARRA CBCB6201 Campana de pared 60cm 380 m³/h 65W - 3 velocidades - Evacuación al exterior y Recirculación Interna por Filtro de Carbón CBCF002 -	80,99
CIARRA CBCF002X2 Filtro de Carbón de Campana extractora decorativa de pared cocina Diámetro	24,99
uni Cable USB C a HDMI [4K@60Hz], Cable USB tipo C a HDMI [Compatible con Thunderbolt 3] para MacBook Pro 2019/2018/2017, MacBook Air/iPad Pro 2018, S	16,99
Barra sensora de Wii - Younik barra sensora infraroja con cable para las consolas Nintendo Wii y Wii U ( Plateada / Negra )	8,99
Cable Óptico - Syncwire 2M Audio Óptico Flexible de Puerto Toslink con Tejido de Nylon y Conectores Recubiertos con Oro de 24 Quilates para la Sound	8,79
Thlevel Wii a HDMI Adaptador, Conversor de Wii a HDMI 720P/1080P con Cable HDMI con Puerto HDMI y Jack 3.5mm - Soporta Todos Los Modos de Visualizaci	10,99
miadore Controlador Joypad N64 Retro de 64 bits Controlador de Gamepad con Cable Joystick para la Consola N64 Sistema N64, Negro	21,99
Barra de Sonido para Colocar Debajo del Monitor Creative Stage de 2.1 Canales con subwoofer para TV, Ordenadores y monitores Ultra Anchos, Bluetooth/E	79,98
100 Ultra Pro Deck Protector Sleeves Pro-Matte Black - Standard Mat	11,13
Z-Man Games- Love Letter - Español (ZLL01ES)	11,99
Lomvum Medidor Laser de Distancia, 120M Profesional Metro Laser,Telemetro Laser con Precisión 2mm,Niveles de Burbuja	35,99
MutecPower Cable 50m Cable de Red ethernet Cat5E Exterior con Enchufe RJ-45 - UTP - CCA - Negro - 50 Metros	20,99
Braun HC 5010 - Máquina de cortar pelo profesional, cortapelos con 9 longitudes de corte, negro	32,99
Figuras Vynl Thundercats Panthro & Cheetara	15,08
Tetra Crusta & Crab Alimento principal para gambas, cangrejos y cangrejos de tierra, diferentes formas de presentación	7,26
NICREW Temporizador de Doble Canal para Acuario, Temporizador Digital para Acuario de ClassicLED G2 Luz LED	15,99
NICREW ClassicLED G2 Luz LED Acuario, Iluminación LED para Acuarios, Pantalla LED Acuario Lámpara de Planta para Pecera 45-60 cm, 15 W, 1160 LM	33,99
Fluval A440 107 Filtro Externo, Schwarz	79,99
Sennheiser PC 8 USB - Auriculares de diadema abiertos USB (micrófono con cancelación de ruido, sonido estéreo) color negro	36,65
HKY 24V Cargador Adaptador Universal para Aspirador Robot Conga Cecotec 1390 S1390 1290 Gryo Model 05145,Vileda M-448A SB35,Discos Duros Externos,Luce	14,99
Kärcher Pistola pulverizadora multifunción (2.645-266.0)	8,60
Timbre Inalámbrico para Puerta, Govee Timbre IP66 Impermeable con LED Flash, Volumen Ajustable, 36 Melodías, Alcance a 300m, 1 Transmisor y 2 Recept	21,99
Rain Bird 100-HV Electroválvula De Riego, Gris, 10.7x8.0x11.5 cm, 100-HV	17,10
HoneyGuaridan W18 Fuente de Agua Automática para Mascotas, Bebederos Mascotas. Dispensador de Agua para Perros y Gatos, 2L	24,88
Intex - Colchón Hinchable Dura-Beam Standard Deluxe Single-High - 99 x 191 x 25 cm (64101), única, inflable, pvc (93%), abs (1%), polyester (3%), ra	18,98
Pokeeto Fan Real Betis Balompié	4,95
Cecotec Placa de Inducción Portátil Full Crystal. Superficie de cristal, Control Táctil, 10 niveles de Potencia, Temporizador, Programable, 4 Menú	28,37
Unstable Unicorns	21,87
just-stationery 4 m x 300 mm burbuja	6,41
Cinta de embalaje tesapack fuerte (66 m x 50 mm) color marrón	2,99
Orbegozo PC 3100 - Báscula cocina digital, gran capacidad hasta 40 Kg, superficie INOX, escalado 2 g, pantalla LCD	28,97
YISSVIC Asesino de Mosquitos Inteligente, UV Lámpara Antimosquitos con Ventilador Integrado, Portátil Carga por USB sin Ruido y Radiación	35,99
Lubricante de silicona - 3 EN UNO Profesional - Spray 250ml	6,71
Feagar Cojín Coxis Otopédico para Silla Oficina Cojines para Conductores, 100% Espuma de Memoria	25,99
100 Ultra Pro Deck Protector Sleeves Pro-Matte Black - Standard Mat	8,99
soplete antorcha encendedor, cocina recargable antorcha butano culinario con cerradura de seguridad y llama ajustable para bricolaje, crema, brulée,	12,99
Edge Entertainment- Munchkin Zombis 4: Piezas de Repuesto - Español, Color (EESJMZ04)	7,99
AmazonBasics - Cable de audio RCA (2 machos a 2 machos), 1,2 metros	8,99
GERETIN Cable USB C [2Pack 2M] Cable USB Tipo C Cargador Rápida Nylon Duradero Compatible con Samsung Galaxy S10/S9/S8/Note 8,Huawei P9/P10/P20,LG G5	6,99
TACKLIFE Mini Amoladora, 4V Herramienta Rotativa Inalámbrica, 2 Velocidad Ajustable(Máx 22000rpm), Batería de Litio 2.0Ah y Carga Rápida, Ideal pa	25,99
Aiglam Webcam, Webcam PC 1080P Cámara Web de Alta Definiciócon micrófono Reductor de Ruido y corrección de iluminación automática Web CAM de USB	29,99
UGREEN Cable USB 3.0, Cable USB Tipo A Macho a Tipo A Macho, Transferencia de Datos de Alta Velocidad de hasta 5 Gbit para Ordenador, Portátil, Disco	9,59
Moulinex Vitae JU200045 - Licuadoras para Verduras y Frutas, 200 W, Velocidad 12.800 rpm, Tapa y Contenedor Pulpa Transparente, Extractor de Jugos con	34,99
Tiras limpiadoras de poros de MEDca, paquete de 48 tiras.	18,99
Edge Entertainment- Munchkin Zombis 3: Refugios Repulsivos (EESJMZ03)	14,00
Agar Agar en Polvo 100g - gelatina superior del vegano de la calidad (etiquetas e instrucciones del español)	9,95
LEVIVO Molde para 4 Cubitos de Hielo, Silicona, Azul, 17x17x9 cm	11,99
NEXGADGET 55PCS Boquillas para Manga Pastelera Incluyendo Boquillas de Acero Inoxidable, Bolsas de Pastelería, Acopladores, Pasteles para Hornear Jue	9,99
Edge Entertainment Munchkin-Tablero terrorífico-español. (EDGMUGB2)	19,95
Timetec Hynix IC 8GB DDR3 1333MHz PC3-10600 Unbuffered Non-ECC 1.5V CL9 2Rx8 Dual Rank 204 Pin SODIMM Portatil Memoria Principal Module Upgrade (8GB)	30,99
Maglev Essentials BDX014AM2 pijama Multicolor (Yellow Mix Check Print Bottom,\nBlack long sleeve top) 120 (Talla del fabricante: 2XL), Pack de 2	19,95
Umbro Loyal Pantalones, Hombre, Negro, XL	18,00
Ficmax Silla ergonómica para juegos Silla para computadora con masaje de soporte lumbar, sillas de juego para E-sports para jugador, silla de oficina	179,99
Timetec Hynix IC 4GB DDR3 1333MHz PC3-10600 Unbuffered Non-ECC 1.5V CL9 2Rx8 Dual Rank 204 Pin SODIMM Portatil Memoria Principal Module Upgrade (4GB)	19,99
Satisfyer Estimulador de Clítoris Pro 2 Next Generation - 1 Unidad	39,99
Echo Dot (3.ª generación) - Altavoz inteligente con Alexa, tela de color antracita	29,99
Presentamos el Echo Flex - Controla con la voz dispositivos de Hogar digital a través de Alexa	19,99
mDesign organizador plastico con 6 compartimentos para sus utensilios de cocina - Organizador cocina en color negro - Cubertero ideal para cajones	14,99
"GANADOR 2019* ● Aceite para barba ""ORIGINAL"" de Camden Barbershop Company ● cuidado de la barba completamente natural ● refrescan"	14,90
EHAO 3Pcs conjunto de cepillo de alambre (Nylon, latón, acero inoxidable)	5,99
Pinzas de Cocina, GWCLEO Pinzas para Barbacoa en Acero Inox y Silicona, Pinzas para Ensalada y Servir con Consejos sin Rasguños y Mangos de Cojín de	10,99
Premier Housewares - Colador de acero inoxidable (20 cm)	4,49
TP-Link HS110 - Enchufe inteligente inalámbrico con monitorización de energía, controle sus dispositivos desde cualquier lugar, funciona con Amazon	17,99
Orbegozo LO 7000 Brasero Eléctrico	15,75
Orbegozo KFN 610 - Cafetera italiana de aluminio, capacidad para 6 tazas, color negro	8,50
Equinox 502711 cenicero de Acero Inoxidable, Plateado, 9,80 x 9,80 x 3,5 cm	5,50
NETVIP 4G Antena SMA Ganancia 4G LTE Antena Dual Wifi Amplificador De Señal Amplificador Red Para Router Wifi Recepción De Banda Ancha Móvil Antena	19,99
Umbro Loyal Pantalones, Hombre, Negro, XL	18,00
TP-Link TL-PA7010P KIT -  2 Adaptadores de Comunicación por Línea Eléctrica (AV 1000 Mbps Gigabit, PLC, Extensor, Repetidores de Red, Amplificador	53,90
Mpow 224 Auriculares con Micrófono, Auriculares USB/3.5mm, Cancelación de Ruido, Auriculares Diadema para PC, Móvil, Tableta, para Skype, Viber, Ce	25,99
Pilot Frixion - Bolígrafos roller de tinta borrable (4 unidades), varios colores	10,85
Rocketbook Cuaderno Digital Inteligente Everlast - Planificador Reutilizable Académico de Clase Para Profesores y Estudiantes Con Bolígrafo Frixion	39,95
Bosch TCZ6004 - Pastillas de limpieza y descalcificación para cafeteras TASSIMO	8,27
Bosch MSM87160 Batidora de inmersión 750W Negro, Acero inoxidable - Licuadora (Batidora de inmersión, Negro, Acero inoxidable, 1,4 m, Continuo, Acer	53,99
Lamicall Soporte Tablet, Multiángulo Soporte Tablet : Soporte con Cuello de Cisne para Pad 2018 Pro 10.5/9.7, Pad Mini 2 3 4, Pad Air 2, Phone, Ninte	25,99
GeeekPi Raspberry Pi 3 B + Caja , Raspberry Pi Caja con ventilador, disipador de calor Raspberry Pi para Raspberry Pi 3 modelo B +, Raspberry Pi 3/2 m	9,99
WisFox profesional exprimidor de limones, limón de calidad superior de acero inoxidable con alta resistencia, exprimidor de lima de prensa de cítric	10,99
Leeve Dry Fruits Bright Red - Kashmiri Chilli Powder - 200 Grams	14,00
Kingston SDCG/64GB Gold Tarjeta de Memoria microSD de 64 GB con UHS-I Speed Class 3 (U3) y Adaptador SD	17,46
google Pixel Funda, Tianqin Ultra-delgado Ultraligero de Amortiguación Silicona TPU [Anti Deslizamiento] [Resistente a los Arañazos] Cubierta Protec	10,49
Calidad del Agua Medidor de Prueba pancellent TDS PH CE Temperatura 4 en 1 Set	24,99
Tropical Crusta Sticks Forro Sticks con meeresal Gen & spiru Lina, 1er Pack (1 x 250 ml)	8,39
Sera Vipan Comida en Escamas - 1.000ml	12,50
Crash Team Racing Nitro Fueled	34,90
100 Paquetes Ataduras Cables con 2 Tipos, FineGood Multicolor Reutilizables Fijación Gestión Organizador Cuerda Tableta PC Computadora Portátil TV	10,99
MZMing [60 Piezas] Bolsa Antiestática 15x20cm Bolsas de gran Tamaño Bolsas de Cierre con Resellables Cremallera para la Placa Madre HDD y Dispositiv	13,59
AERZETIX: 10 Bolsas antiestaticas termosellable 381/457mm 76µm C19124	13,99
TP-Link UB400 Bluetooth USB PC, Adaptador Bluetooth 4.0 USB Pendrive con BLE Tecnología para Mando PS4, Mando Xbox One S, Ordenador de Windows 10, 8,	9,99
Makone Catnip, 10 Palitos De Hierba Gatera De Matatabi para Gatos Natural Cuidado Dental Chew Catnip Sticks para Dientes Diámetro de Limpieza 10-15mm	6,99
MI Router 4A Edición Gigabit	39,99
Aukru 2X Cargador Adaptador para Raspberry Pi 2/3, Model B, Micro USB, 5V, 3000mA (Negro)	14,99
Logitech G203 Prodigy, Ratón óptico para Gaming con Cable, 8.000 DPI, LED Personalizable con 16,8 M Colores	24,99
Tronsmart RGB Alfombrilla de Ratón Gaming XXL (800 x 300 x 4.0mm),Spire-10 Modos Efectos de Luces,Superficie Texturizada Suave y Cómoda con Base de	21,99
BOLF Hombre Camiseta de Manga Corta Básica Escote Redondo Estilo Deportivo Just Play T1427 Blanca XXL [3C3]	9,95
adidas Parma 16 SHO Sport Shorts, Hombre, Negro/Blanco, 2XL	13,85
Living Earth 2 x 5 litres | 5% Vinagre Blanco	14,75
NortemBio Bicarbonato de Sodio 1.43 Kg, Insumo Ecológico de Origen Natural, Libre de Aluminio, Producto CE.	9,87
Kärcher Limpiadora de Vapor Manual SC 4 EasyFix (1.512-450.0)	177,00
QUMOX Controlador mando de juego con cable clásico joypad gamepad para nintendo gamecube gc y wii, Negro	9,99
Gamecube Controller Adapter, Keten Super Smash Bros de Control de Gamecube Adaptador de 4 Soportes para Wii U, Nintendo Switch y PC USB (Negro)	14,99
BPS® Lámpara de Acuario LED Iluminación Luces para Plantas Sumergible Luz Blanco y Azul 2 Modelos para Elegir 4W/8W (8W: 300 x 40 mm) BPS-6872	17,99
Sera Medio filtrante biológico autolimpiante de Alto Rendimiento en Forma de Anillo para el Acuario Professional siporax (15 mm)	8,15
BPS (R) Carbón Activo Súper Acuario Material Filtrante para de Agua Dulce y de Mar de Alta calidad 500g BPS-6748	10,65
MI TV BOX S - Reproductor streaming en 4K Ultra HD, Asistente de Google con Chromecast	69,90
Kingston SDCG/16GB Gold Tarjeta de Memoria microSD de 16 GB con UHS-I Speed Class 3 (U3) y Adaptador SD	7,93
Jabra Move cascos inalámbricos con Bluetooth®, negro	61,00
DANISH ENDURANCE Calcetines de Deporte Quarter Pro (EU 39-42, Negro - 5 Pares)	15,95
Punjabi Garam Masala (ganador del premio Great Taste 2017) Gran paquete resellable 100g	6,50
JustIngredients Essential Vainas de Cardamomo Negro - 100 gr	6,48
JustIngredients Essential Vainas de Cardamomo Verde - 2 Paquetes de 100 gr - Total: 200 gr	10,60
Microsoft Tarjeta de captura XBOX One Digital TV Tuner, negro	12,99
Parker Quink recambios para plumas estilográficas, cartuchos largos, tinta negra, blíster de 5	3,53
PARKER JOTTER - Pluma Estilográfica, de Color Negro y Tinta Azul, con Cuerpo de Metal y Plumín Mediano, en Estuche de Regalo	23,14
AUTSCA Mechero Eléctrico, USB Encendedor Doble Arco Eléctricos con luz LED Azul Carga Rápida de Resistente al Viento sin Llama (Cable USB,Cepillo d	14,99
TTMOW Cuchillo Chef Profesional Acero Inoxidable de 7Cr17 para Carnes Fruta Verdura, Cuchillo Cocinero Mango Ergonómico y Comodo para la Cocina de Ca	23,99
Luxebell Dispensador automático de alimento para peces con pantalla LCD, alimentador de peces de 170 ml Dispensador automático de alimento para pece	17,99
Aprende Git: ... y, de camino, GitHub	4,90
Pantalla Frontal de Lentes de Vidrio Reemplazo Parte para Lenovo ZUK Z2 Pro Z2121 (No LCD Display No Digitizer) with Adhesive Preinstalled (Blanco)	12,88
PANTALLA TACTIL DIGITALIZADOR LENOVO ZUK Z2 BLANCO	12,20
Decdeal - 2 en 1 Calentador para Acuario Sumergible y Termostato para Estanque con Carcasa Protectora y Controlador de Temperatura Digital	27,99
UEETEK Set de limpieza de tanque de pescado de acuario 5 en 1 kit de limpieza (Net + rastrillo + rascador + tenedor + esponja)	8,99
doutop Acuario Termómetro impermeable sumergible resistente Digital Pantalla LCD pantalla Termómetro con ventosa para Terrario Acuario Peces Vivariu	7,99
Panel de malla para el musgo de una pecera (plantas no incluidas)Incluye 2 paneles de malla, 10 bridas y 5 ventosas.	8,31
Sifón para la limpieza de su acuario - ¡una bomba de sifón de mano para drenar y reemplazar el agua en cuestión de minutos!	7,99
SAFEMORE Regleta de Enchufes Vertical de 11 Tomas Corrientes y 2 Rapida USB, Alargadora Cable de 1,8m con Protección y Interruptor, Torre Ladron Alar	33,99
Pinhen MI Band 2 Banda de Silicona Metal Mesh Repuesto Correa de Recambio Brazalete Extensibles Surtido de Colores para Xiaomi Mi Band 2 Wireless Puls	5,68
Fluval Sustrato Plant & Shrimp, 2 Kg	15,10
JBL 2533900 Tiras de análisis de agua EasyTest 6 en 1	12,97
Seachem Prime Acondicionador de agua, 100 ml	12,35
Classica 2 kg azul para Acuario Grava Sustrato	10,24
Ají Amarillo Mirasol Pulverizado Prod. Peruano - Sobre 50g	4,99
UEETEK Super delgado LED Plantas de luz de acuario crecen la iluminación creativa Clip-on lámpara con enchufe de la UE (luz blanca)	9,99
Newcomdigi Pizarra Magnética para Nevera Pizarra de Planificación con Calendario Semanal para Frigorífico Organizador Magnética para Notas y Plani	10,99
APLI 13954 - Tiza líquida con punta redonda, color blanco	1,88
GEEKHOM Temporizador de Cocina, Temporizador Magnético con 2 Baterías GRATIS, Temporizador Digital con Cronómetro de Voz Alto , Pantalla LCD Grande	14,99
Bosch T-Disc - Filtro de café	1,09
AccuWeight Báscula Digital para Cocina con Diseño integrado sin Costuras fácil de limpiar, Más Higiene Balanza Electrónica de Alta Precisa con Re	10,49
Bazumaki set de Sushi (7 piezas) hacedor de Rolls, Cuchillo de chef, Herramienta de rebanado, Molde para Nigiri, Tapete de bambú, 2 pares de palillos	34,99
Bosch TCZ6004 - Pastillas de limpieza y descalcificación para cafeteras TASSIMO	8,10
Jabra Move cascos inalámbricos con Bluetooth, negro	69,00
Poweradd Cargador Solar Portátil con 12000mAh, Batería Externa 2 Puertos de USB ( 5V/2.4A*2, 5V/3.4A Total ) Panel Solar con Alta Eficiencia de Conv	21,99
LANGRIA Alfombra Alfombrilla de Baño Antideslizante, Absorbente, de Espuma de Memoria Permeable, Superficie de Lana Suave al Tacto, Ideal para Baño,	9,99
Brüder Mannesmann Werkzeuge M76513 - Martillo de carpintero	6,40
SECCARO Tornillo avellanado M5 x 70 mm, acero inoxidable V2A VA A2, DIN 7991 / ISO 10642, hexágono interior, 20 piezas	12,95
Citronela - Aceite esencial - 100% Puro - 10 ml	3,95
Cortador de Verduras,Sedhoom Picadora de Verduras Manual, 5 Cuchillas de Acero Inoxidable,1000ml,Picadora de Alimentos para Picar Frutas,Verduras, Fru	14,77
BOSCH PAE TCZ6004 - Accesorio Bosch Tcz6004 Pastillas Limpieza	8,22
Sterline Set de 4 Cuencos para Mezclado con Tapa, Tazones Antiadherentes ,7L, 1,4L, 2,8L, 4,7L con Medidas en el Interior, Cuencos Pequeño y Grande,	25,99
MoKo Nuevo Amazon Fire 7 2017 Funda - Ultra Slim Ligero Plegable Smart Cover Case Trasera Transparente Durable / Sin Cierre Manética para All-New Fir	11,99
Samsung Galaxy A3 2017  -  Smartphone (pantalla táctil de 4.7 pulgadas,  16GB, Android, A320F NFC LTE	220,00
1571-Camiseta Premium, Rick and Morty - Your Opinion (Legendary P,) L	16,90
InfoCoste - Pasta Soldar	8,54
Liquido Antipinchazos MagmaSeal 250ml. Sellante anti pinchazos preventido y reparador. Cubiertas tubeless y con cámara. Incluye pastillero estanco	9,95
Barbieri Sir/00009 líquido anti pinchazos para adulto, color blanco	11,60
VeloChampion Alloy Pro 9 Mini Bomba para Bicicleta con Manómetro - Se adapta a Presta y Schrader (Válvula Reversible) con 120 PSI / 8.3 bar Presión	11,95
Proster Multímetro Digital / Mini Multímetro Portátil Medidor DMM para Medir Corriente DC Amperímetro AC Voltímetro Ohmímetro Continuidad con LC	11,99
Tassimo Dash Button	4,99
Enkeeo - Candado U retorcible cerradura antirobo con capa de corrosiÃ³n resistente para bicicletas, motocicletas (U lock montura, 2 reversibles llav	19,99
Avantree 40 horas InalÃ¡mbrico Bluetooth 4.1 Auriculares / auriculares plegables con micrÃ³fono, APTX BAJA LATENCIA Audio rÃ¡pido para TV, juego	79,99
Nobo Kit Pizarra Blanca Completo - Accesorio pizarra (Multi)	30,46
Juego de Aceites Esenciales, Mejores 6 Aceites de Aromaterapia Anjou, 100% Puro, 10 ml (Lavanda, Ãrbol de TÃ©, Eucalipto, Hierba de LimÃ³n, Nar	19,99
[2-Pack] Cable Tipo C USB 2.0 WZS Cable Trenzado de nylon tipo C ,2m / 6FT Para el Samsung Galaxy S8 / S8 Plus / A3/A5(2017) / A7 / A9 / C9, Macbook P	9,99
AFUNTA Controlador de 6 Botones Para Sega Classic Genesis (2 Piezas)	9,99
CheersonÂ® CX-10A Mini Drone CuadricÃ³ptero Quadcopter RTF - 2.4G 4CH 6 Ejes Modo sin Cabeza RC MinicÃ³ptero (Plateado)	16,99
"CAISON Resistente Al Agua Cruz Cuerpo Bolsa Hombro Con Franja PortÃ¡til Funda De La Cubierta Maleta Para 11.6 - 12 Pulgadas / 12"" Apple MacBook / 12"	16,99
Mugig Soporte  Ukelele de madera estÃ¡ hecho de sapeli africano resistente y duradero	9,99
REPLICA DESTORNILLADOR SONICO DR WHO 12TH	53,14
Orbegozo TF 0143 - Ventilador de sobremesa, oscilante, potencia 50 W, 3 velocidades, diÃ¡metro hÃ©lice 40 cm, asa, piloto luminoso LED	27,95
Paquete BÃ¡sico de Aceites AromÃ¡tico - Tienda de Dulces - 5 x 10ml - 100% Puro	9,95
QcoQce Humidificador UltrasÃ³nico 300ml Difusor de Aceites Esenciales La esencia de un difusor de 7 LED de color frÃ­o Difusor de Aromas para Hoga	28,99
100 Ultra Pro Deck Protector Sleeves Pro-Matte Black - Standard Mat	11,95
Tassimo - paquete de la variedad de chocolate caliente	25,86
Tassimo - Capsulas marcilla cafÃ© expresso 16 bebidas novedad	7,57
Bosch Tassimo Suny TAS3202 - Cafetera multibebidas automÃ¡tica de cÃ¡psulas con sistema SmartStart, color negro intenso	44,00
Mpow Receptor Bluetooth Streambot PortÃ¡til Car Kit de Adaptador InalÃ¡mbrico Manos Libres para Sistema de Inicio o Coche Audio Streaming	14,79
Devir - Juego de cartas Resistencia: Ãvalon (BGRESIAV)	20,00
Agile Planning Poker Cards	12,95
Minadax - Caja de enchufe tipo Schuko con 2 puertos USB (se adapta a tomas de corriente estándar, para cargar dispositivos móviles, iPod, iP	13,49
Funda Lenovo ZUK Z2, AICEK Lenovo ZUK Z2 Funda Transparente Gel Silicona Lenovo ZUK Z2 Premium Carcasa para Lenovo ZUK Z2	7,01
Rowenta Wet & Dry - Cortapelos, 2 peines ajustables, recargable, color azul	28,00
Edding e-1200/2-03 - BlÃ­ster con 2 rotuladores, color azul	1,95
Edding - BlÃ­ster con 2 rotuladores, color rojo.	1,95
Edding - BlÃ­ster con 2 rotuladores, color negro.	1,95
Philips Hue Lightstrip Plus GeneraciÃ³n 2 - ExtensiÃ³n de 1 m sin alimentador, controlable vÃ­a Smartphone y accesorios Hue, 1600 lÃºmenes, 16	13,31
tinxiÂ® FT232RL FTDI USB a serial TTL mÃ³dulo adaptador convertidor 5V 3.3V para Arduino	4,99
SunFounder PN532 NFC Module Development Board Antenna RFID Card Readers for Raspberry Pi 13.56MHz	19,99
Moleskine QP618 - Cuaderno A5 (13 x 21 cm), color negro	14,50
Tonor RatÃ³n Bluetooth recargable 3,0 inalÃ¡mbrico para Ordenador PortÃ¡til o Tablet PC Negro	15,99
Ledbox LD1032802 - Bombilla PL LED, G23, 6 W, color blanco neutro	16,95
Lacor - Lechera inox - 0,35 litros	10,28
Cable MattersÂ® USB 3.1 Tipo C (USB-C) al adaptador de HDMI en Negro	19,99
Imploding Kittens: Esta es la primera expansiÃ³n de Exploding Kittens - En InglÃ©s	15,99
LÃ¡mpara mata insectos electrico. Mejor solucion contra mosquitos, polillas, sancudos, moscas, y demas insectos. (20 Watt) Por fin podra liberarse d	31,99
Ugreen Adaptador USB 3.0 a Gigabit Ethernet de 10/100/1000 Mbps para Ordenadores o PortÃ¡tiles, Windows Surface Pro, IdeaPaD, Apple Ipad, MacBook Ai	12,59
Ugreen 40248 - Adaptador HDMI a VGA (1080p, Audio 3.5 mm, Micro USB para AlimentaciÃ³n), Color Negro	7,99
Moleskine 14113 - Libreta	6,00
SunFounder PN532 NFC Module Development Board Antenna RFID Card Readers for Raspberry Pi 13.56MHz	19,99
DisplayPort a HDMI, Rankie Chapado en Oro DP(DisplayPort) a HDMI Cable HDTV Cable 1,8 Metros (Negro) - R1102	7,25
Flower - Sustrato 70 l blumenerde e.36	12,51
Flower - Sustrato 70 l blumenerde e.36	12,51
Mezcla De Semillas Para Ensalada Bolas - Cultivar eN Su Propio JardÃ­n Cocina JardÃ­ - Rocket, Berro Griego, Col Rizada, Mostaza Roja & Verde. Ori	8,50
Foxnovo F-4S 4-Slots Li-ion Ni-MH Ni-CD Sound Testing SÃ­mbolo del LCD Capacidad de la baterÃ­a del cargador de baterÃ­a inteligente con EU-ench	36,99
Panasonic NCR18650B - Pilas recargables (paquete de 2, 3400 mAh, Li-Ion)	10,80
Li-ion Litio 18650 3.7V Pines Contacto DIY BaterÃ­as Caja Soporte Funda 7 piezas	9,12
Capacitive Soil Moisture Sensor, Corrosion Resistant/With The Real-Time Soil Moisture Data/APPLICATIONS Gardening & Farming Moisture Detection Intelli	13,33
"Kuman Complete Starter kit for Raspberry Pi 3 2 (11-Items) WiFi 150Mbps 11n USB Adapter+3.5"" inches LCD 480x320 Touch Screen + 16GB TF card+ 9 Layers"	49,00
"UgreenÂ® 3.0 USB a SATA adaptador usb 3.0 a HDD SDD de 2.5"" y 3.5"" BLU-RAY DVD, CD-ROM, DVD-ROM y CD-RW Incluye Adaptador de Corriente de 12V"	12,49
AUKEY Quick Charge 2.0 Cargador USB de Pared Dual Puerto 42W 5V/4,8A con TecnologÃ­a AiPower para iPhone, iPad, Samsung Galaxy Note 7, S7, HTC, LG,	16,89
Original Xiaomi Hybrid Dual Drivers Earphones In-Ear Headphones Silver	25,80
TP-LINK M7350 - Router 4G LTE para mÃ³vil (banda dual 2.4 GHz Ã³ 5 GHz, soporta hasta 10 dispositivos simultÃ¡neamente), color negro	85,90
AURICULARES XIAOMI MI CAPSULE NUEVO MODELO 2016 DISEÃ‘O ERGONÃ“MICO IN-EAR	21,95
SIM900 GPRS 850/900/1800/1900 MHz / GSM MÃ³dulo de Placa de desarrollo para Arduino	17,45
Energizer CR2032 - Pack de pilas de litio - 3V - 4 unidades	8,86
Akai AR280P - Radio-reloj proyector	27,56
KKmoon - Kit de herramientas profesionales de tornillo de hardware, 45 en 1	13,99
AUKEY Hub USB 3.0 7 Puertos con Adaptador de Corriente Alta Velocidad de TransmisiÃ³n de Aluminio con Cable USB 3.0 de 1M Compatible con Windows XP	27,99
Judas - Botella Cristal 33 cl (1 unidad)	1,27
Samsung 850 EVO - Disco duro sÃ³lido interno SSD (SSD 500 GB, Serial ATA), negro	136,24
Mattel Games - UNO H20 To Go, juego de mesa (P1703)	12,95
Excelvan ZJ - Impresora tÃ©rmica de tickets y recibos (58mm, 90mm/s, compatible con Windows), Negro	34,99
"BenQ GW2270H - Monitor LED de 21.5"", AMVA+ FHD, Dual HDMI, color negro"	104,90
Pokemon - Gorra cosplay	14,50
JETech M0884 Bluetooth ratÃ³n inalÃ¡mbrico para PC, Mac y el sistema operativo Android Tablet con 12 meses de duraciÃ³n de la baterÃ­a	12,99
DeepCool N1 Slim - Base portÃ¡til con ventilador, negro	20,49
Bayer Calypso - Insecticida polivalente	7,95
Placa de desarrollo NodeMCU LUA WIFI Internet basado en ESP8266	8,49
WINGONEER Junta NodeMCU LUA Internet WIFI Desarrollo Basado en ESP8266 CP2102	15,99
Mini Micro bomba sumergible de agua aceite Ultra silencioso sin escobillas Brushless DC 12V 240L / H elevaciÃ³n de 3M	7,99
NeuftechÂ® RTC I2C DS1307 AT24C32 MÃ³dulo de Tiempo Real Reloj para Arduino	4,99
NeuftechÂ® mÃ³dulo relay relÃ© de 2 canales 5V Shield para Arduino PIC AVR DSP MCU	5,99
FAMATEL 177.1 - PortalÃ¡mparas zÃ³calo recto E-27	2,95
elho  - Maceta para flores, color antracita	8,99
Mezcla de bombas de semillas de hierbas - crea tu propia huerta casera - albahaca, cebollino, mejorana, eneldo y perejil - 2000 semillas por lata	8,50
Bosch 2 609 255 820 - Grapa tipo 53 (pack de 1000)	3,45
Bosch 2 609 255 858 - Grapadora manual HT 8	12,95
elho  - Maceta para flores, color antracita	8,99
elho  - Maceta para flores, color antracita	15,99
MW Soil Hygrometer Detection Module Soil Moisture Sensor Arduino Compatible	3,50
2x MÃ³dulo comunicaciÃ³n NRF24L01 + PA + LNA SMA Antena 2.4G. Para Arduino (Pack 2 unidades)	18,75
Kuman 10pcs nRF24L01+ 2.4GHz Antenna Wireless Transceiver RF Transceiver Module Arduino Compatible K19	19,35
elho  - Maceta para flores, color antracita	15,99
VicTsing luz lampara bombilla foco de LED E27 ahorro de energÃ­a para Vegetal Planta Flor de florecimiento de Horticultura 12*LEDs 36W 50000hrs para	28,99
"Pat Says Now 7786 maletines para portÃ¡til - Funda (39,62 cm (15.6""), Manga, Neopreno, 120g)"	15,59
Munchkin Zombies 2 - Muertos y Enfadados	16,99
Munchkin Zombies - Juego de mesa (Edge Entertainment EDGMZ01)	24,95
SimfonioÂ® Tiras LED 5050 RGB - 5m de longitud - 150 LEDs - Multicolor - Control remoto de 44 botones y fuente de alimentaciÃ³n	15,99
Street Art 2016 (Mindful Editions)	12,51
Aukru - Disipador de calor para Raspberry Pi (aluminio, 3 unidades), color plateado	3,99
V7 Vanatage - Webcam de 16 Mp (con micrÃ³fono, USB, video VGA), negro	7,24
AukeyÂ® [6 x Pack] 6 Cables USB 2.0 a Micro USB 2.0,tipo A macho a micro B Para cargar Samsung, Xiaomi, HTC, Motorola, Nokia, Reproductores MP3, GPS	10,99
AmazonBasics - Cable HDMI de alta velocidad, compatible con Ethernet, 3D y retorno de vÃ­deo - 0,9 m	5,99
Brennenstuhl 149933 - Distribuidor con 3 tomas	2,99
CEPILLO DE TERCIOPELO PARA DISCOS DE VINILO AM DENMARK / Ref. 2855	9,75
Oro 3,5 mm EstÃ©reo Conector Jack Enchufe A 2 Fono RCA Enchufes Adaptador Cable Bajo	2,42
3,5 mm EstÃ©reo Enchufe Enchufe A Gemelo 6,35 mm Mono Enchufe Clavijas Adaptador Cable	2,60
Sharkoon Keto - Alfombrilla de ratÃ³n, negro	5,99
PreSonus Ceres C4.5 BT - Altavoces (Mesa/estante, Studio, Integrado, AlÃ¡mbrico/InalÃ¡mbrico, XLR/6.3mm/RCA, Bluetooth)	148,00
Kingston Mobility kit - Adaptadores para tarjetas de memoria, 64 GB	20,99
TP-LINK  TL-WN725N -Nano Adaptador de red USB (3 aÃ±os de garantÃ­a, WPS)	6,90
Chasis Rover 5 Dagu con encoders	66,50
Raspberry Pi 8193655 - Caja para Raspberry Pi B+ y Pi2, color negro	5,60
TP-LINK  TL-WN725N -Nano Adaptador de red USB (3 aÃ±os de garantÃ­a, WPS)	6,90
Samsung Evo MB-MP08DA/EU - Tarjeta de memoria micro SDHC de 8 GB (UHS-I Grade 1 Clase 10, con adaptador SD)	5,31
SODIAL(R) MFRC-522 RC522 RFID Module IC Card Sensor de induccion con llavero de la tarjeta S50 gratis	3,25
CSL - Adaptador Bluetooth USB micro V4.0 | TecnologÃ­a Class 4.0 | El estÃ¡ndar mÃ¡s moderno | Plug & Play | Windows 7 + Windows 8 + Windows 8.1	10,85
Anker Cable USB 1.8 m de Nylon Entrelazado Libre de Enredos (con Clavija BaÃ±ada en Oro; para Android, Samsung, HTC, Nokia, Sony, BQ, Xiaomi y mÃ¡	8,99
Bluestork KULT#2 - RatÃ³n (USB, Ã“ptico, Juego, Negro, 1,5m, Cable)	24,99
Xiaomi - Mini altavoz de 3W con Bluetooth 4.0 y manos libres, color negro	29,88
Intex Pillow Rest Raised - Cama hinchable con bomba elÃ©ctrica, 152 x 203 x 43 cm, color azul	44,39
Oral-B 3DWhite EB18 - Recambios cabezales para cepillos de dientes recargables, pack de 3	11,99
Braun MQ 745 Aperitif Multiquick 7 - Minipimer (Batidora con accesorios)	75,83
ASUS BT400 - Adaptador de red (Bluetooth 4.0, USB 2.0 Nano), negro	9,95
Flug51 FL131 - 2x EMAX ES08MAII 16 / 2,0 kg Mini Metallzahnrad servo de alta velocidad-Up SG90 es08a MG90 S fÃ¼r trex Hubschrauber 450 rc 4 Pieza	17,99
JustGlam - Trolley ORMI ABS en las cuatro ruedas adecuadas para vuelos de bajo coste / Silver	39,90
Antena DVB-T USB TV Digital FM palo sintonizador receptor Dongle para PC portÃ¡til RTL2832U R820T	14,24
Transcend TS-RDF5K - Lector de tarjetas de memoria USB, color negro	5,71
Ozone Rage ST - Auriculares de diadema cerrados (con micrÃ³fono), negro	29,60
Aukey Â® amzdeal Cargador USB, Wall charger con AIPower Tech (34W / 6.8A 4 Puertos) Cargador portÃ¡til, Cargador de pared，Adaptador USB Enc	13,99
Motorola - Funda Flip oficial para Motorola Moto G, Morado	23,27
Kingston SDC4/8GBSP - Tarjeta micro SDC4/8GB (SDHC clase 4, 8 GB sin adaptador)	6,01
XBee 2mW Serie 2 (ZB) con Antena	28,40
Ozone Rage ST - Auriculares de diadema cerrados (con micrÃ³fono), negro	29,90
AmazonBasics - Pilas alcalinas AAA (Paquete de 20)	7,99
Varta - Linterna LED 1 W indestructible	16,27
"Case Logic VNB-217BLACK - Mochila para ordenador portÃ¡til de hasta 17"", negro"	24,56
Raspberry Pi funda protectora / caja (Solid Negro) para el modelo B	3,99
XINTE InalÃ¡mbrica Bluetooth Serial esclavo mÃ³dulo HC-06 apto para Arduino	8,99
Raspberry Pi RBCA000 - Placa base (ARM 1176JZF-S, 512 MB de RAM, HDMI, 2 x USB 2.0, 3,5 W)	37,61
Google Chromecast - Reproductor multimedia HDMI	35,00
Motorola - Funda Flip oficial para Motorola Moto G, Azul	20,08
Samsung 840 EVO - Disco duro sÃ³lido SSD de 120 GB, Plateado	78,21
Motorola - Funda Flip oficial para Motorola Moto G, Blanco	24,45
"Motorola Moto G 8 GB - Smartphone libre Android (pantalla 4.5"", cÃ¡mara 5 Mp, 8 GB, Quad-Core 1.2 GHz), negro"	175,00
BlueRigger Micro HDMI-HDMI 6ft - Cable AV (Micro-HDMI, HDMI, Oro)	4,99
MicroSIM Adaptador Original fabricado en Alemania para Tarjetas MicroSIM para utilizar la Micro SIM como una SIM normal	2,69
Adonit Jot - LÃ¡piz para tablet	17,79